SEM_ID,Material System,SEM image,Synthesis Method,H2 Uptake(wt%),Hydrogenation temp(K),Hydrogenation pressure (bar),Reference,Source
SEM_001,MgMg₂NiLaH,,H-induced decomposition ,7.19,598,30,\cite{ding2022} DOI: https://doi.org/10.1016/j.ijhydene.2021.12.010     ,
SEM_002,MgMg₂NiLaH,,H-induced decomposition ,5.89,448,10,\cite{ding2022} DOI: https://doi.org/10.1016/j.ijhydene.2021.12.010,
SEM_003,Ti₁₉Hf₄V₄₀Mn₃₅Cr₂,,-Arc-melting,3.55,293,30,"\cite{halpren2023} DOI: N/A (Thesis, no DOI provided)",2023 Hydrogen storage from alloys properties.pdf
SEM_004,Ti₁₉Hf₄V₄₀Mn₃₅Cr₂,,-Arc-melting,3.41,293,30,"\cite{halpren2023} DOI: N/A (Thesis, no DOI provided)",2023 Hydrogen storage from alloys properties.pdf
SEM_005,Ti₁₉Hf₄V₄₀Mn₃₅Cr₂,,-Arc-melting,3.55,293,30,"\cite{halpren2023}DOI: N/A (Thesis, no DOI provided)",2023 Hydrogen storage from alloys properties.pdf
SEM_006,Ti₁₉Hf₄V₄₀Mn₃₅Cr₂,,-Arc-melting,3.57,293,30,"\cite{halpren2023} DOI: N/A (Thesis, no DOI provided)",2023 Hydrogen storage from alloys properties.pdf
SEM_007,LaMgNi ,,Mechanical alloying,4.82,523,100,\cite{zaldívar2013} DOI: https://doi.org/10.1016/j.jma.2013.11.002,
SEM_008,LaMgNi ,,Mechanical alloying,5.44,473,100,\cite{zaldívar2013} DOI: https://doi.org/10.1016/j.jma.2013.11.002,
SEM_009,LaMgNi ,,Mechanical alloying,4.8,523,100,\cite{zaldívar2013} DOI: https://doi.org/10.1016/j.jma.2013.11.002,
SEM_010,LaMgNi ,,Mechanical alloying,5.47,473,100,\cite{zaldívar2013} DOI: https://doi.org/10.1016/j.jma.2013.11.002,
SEM_011,LaMgNi ,,Induction Melting + Milling,1.44,343,100,\cite{Gao2012} DOI: https://doi.org/10.1016/j.jpowsour.2012.02.088,
SEM_012,MgNiLa,,Cast,7.19,598,30,\cite{ding2022} DOI: https://doi.org/10.1016/j.ijhydene.2021.12.010,
SEM_013,MgNiLa,,Ball-milling,7.19,598,30,\cite{ding2022}DOI: https://doi.org/10.1016/j.ijhydene.2021.12.010,
SEM_014,MgNiLaH,,H-induced decomposition,7.19,598,30,\cite{ding2022} DOI: https://doi.org/10.1016/j.ijhydene.2021.12.010,
SEM_015,TiZrFeNi,,Arc-melting,1.64,303,31,\cite{andrade2025} DOI: https://doi.org/10.1021/acsaem.4c02468,
SEM_016,TiZrFeNi,,Arc-melting,1.38,303,31,\cite{andrade2025} DOI: https://doi.org/10.1021/acsaem.4c02468,
SEM_017,Ce-Mg-Ni,,Induction Melting + Milling,2.6,573,30,\cite{yang2025}  DOI: https://doi.org/10.1016/j.ijhydene.2025.150976,
SEM_018,CeMgNiG,,Induction Melting + Milling,2.5,573,30,\cite{yang2025}  DOI: https://doi.org/10.1016/j.ijhydene.2025.150976,
SEM_019,CeMgNiG,,Induction Melting + Milling,2.4,573,30,\cite{yang2025} DOI: https://doi.org/10.1016/j.ijhydene.2025.150976 ,
SEM_020,CeMgNiG,,Induction Melting + Milling,2.08,573,30,\cite{yang2025} DOI: https://doi.org/10.1016/j.ijhydene.2025.150976,
SEM_021,CeMgNiG,,Induction Melting + Milling,2.2,573,30,\cite{yang2025} DOI: https://doi.org/10.1016/j.ijhydene.2025.150976,
SEM_022,ZK60Ni,,Arc-Melting,6,623,20,\cite{silva2019} DOI: https://doi.org/10.1016/j.ijhydene.2019.05.207,
SEM_023,ZK60Ni,,Induction Melting + Milling,6,623,20,\cite{silva2019} DOI: https://doi.org/10.1016/j.ijhydene.2019.05.207 ,
SEM_024,ZK60Ni ,,Induction Melting + Milling,1.25,623,20,\cite{silva2019} DOI: https://doi.org/10.1016/j.ijhydene.2019.05.207 ,
SEM_025,Mg₉₀Y₁.₅Ce₁.₅Ni₇,,Vacuum Induction Melting + Mechanical Milling,5.6,473,30,\cite{yong2021} DOI: https://doi.org/10.1016/j.ijhydene.2021.02.184,
SEM_026,Ti₀.₂V₀.₂Zr₀.₂Nb₀.₂Mo₀.₂,,LENS(300W),2.3,323,85,"\cite{halpren2023} DOI: N/A (Thesis, no DOI provided)",2023 Hydrogen storage from alloys properties.pdf
SEM_027,Ti₂₇Cr₂₇V₄₀Fe₆ ,,Arc-melting,3.55,276,70,\cite{hu2021} DOI: https://doi.org/10.1016/j.jallcom.2021.160315,
SEM_028,Ti₂₇Cr₂₇V₄₀Fe₆ ,,Arc-melting,3.55,298,70,\cite{hu2021} DOI: https://doi.org/10.1016/j.jallcom.2021.160315,
SEM_029,Ti₁₉Hf₄V₄₀Mn₃₅Cr₂ ,,Arc Melting + Heat Treatment,2.34,293,30,\cite{chen2022} DOI: https://doi.org/10.1016/j.jallcom.2022.165355,
SEM_030,MgNi,,Mechanical Alloying / Ball Milling ,5.47,523,20,\cite{zaldívar2013} DOI: https://doi.org/10.1016/j.jma.2013.11.002,
SEM_031,La₀.₈₁Mg₀.₁₉Ni₃.₉,,Arc/Induction Melting + Annealing ,1.5,343,50,\cite{gross1998} DOI: https://doi.org/10.1016/S0925-8388(97)00627-00     ,
SEM_032,Ti10​V77​Cr6​Fe6​Zr,,Leviation Induction Melting,3.11,333,40,\cite{hang2012} DOI: https://doi.org/10.1016/j.jallcom.2012.03.044,
SEM_033,La0.70.7​Y0.30.3​MgNi3.83.8​Al0.20.2,,Vacuum Induction Melting + Annealing ,1.61,333,30,\cite{zhai2024} DOI: https://doi.org/10.1016/j.jallcom.2024.175868 ,
SEM_034,ZK60Mm ,,Friction Stir Processing (FSP) + Manual Filing,6.3,623,20,\cite{silva2019} DOI: https://doi.org/10.1016/j.ijhydene.2019.05.207 ,
SEM_035,Mg₈₈Y₁₂ ,,Vacuum Induction Melting,6.479,653,30,\cite{yang2015} DOI: https://doi.org/10.1016/j.ijhydene.2015.12.099,
SEM_036,TiFe6ZrCr₂ ,,Plasma Arc Melting,1.7,301,31,\cite{ha2020} DOI: https://doi.org/10.1016/j.jallcom.2020.157099,
SEM_037,TiFe6ZrCr₂ ,,"Plasma Arc Melting + Annealing (900°C, 7 days)",1.7,301,31,\cite{ha2020} DOI: https://doi.org/10.1016/j.jallcom.2020.157099,
SEM_038,TiZrNbFeNi,,Arc-melting,1.64,303,----,\cite{floriano2020} DOI: https://doi.org/10.1016/j.ijhydene.2020.09.047 ,
SEM_039,Ti₂₀Zr₂₀Nb₅Fe₄₀Ni₁₅ ,,Arc-melting,1.38,303,----,\cite{floriano2020} DOI: https://doi.org/10.1016/j.ijhydene.2020.09.047,
SEM_040,ZK60Mm,,Arc-melting + Manual Filing,6,623,20,\cite{silva2019} DOI: https://doi.org/10.1016/j.ijhydene.2019.05.207,
SEM_041,ZK60Mm,,Arc-melting + Cold Rolling + Manual Filing,6.95,623,20,\cite{silva2019}  DOI: https://doi.org/10.1016/j.ijhydene.2019.05.207,
SEM_042,ZK60Mm,,Arc-melting + Cold Rolling,1.25,623,20,\cite{silva2019}  DOI: https://doi.org/10.1016/j.ijhydene.2019.05.207,
SEM_043,La₀.₉Y₀.₁MgNi₀.₈Al₀.₂,,Vaccum Induction Melting,1.184,373,30,\cite{zhai2024} DOI: https://doi.org/10.1016/j.jallcom.2024.175868 ,
SEM_044,La₀.₈Y₀.₂MgNi₀.₈Al₀.₂,,Vaccum Induction Melting,1.305,373,30,cite{zhai2024}  DOI: https://doi.org/10.1016/j.jallcom.2024.175868 ,
SEM_045,La₀.₇Y₀.₃MgNi₃.₈Al₀.₂,,Vaccum Induction Melting,1.614,373,30,cite{zhai2024}  DOI: https://doi.org/10.1016/j.jallcom.2024.175868   ,
SEM_046,Ti₂₉Cr₂₅V₄₀Fe₆,,Arc-Melting,3.75,276,70,\cite{hu2021} DOI: https://doi.org/10.1016/j.jallcom.2021.160315,
SEM_047,Ti₃₀Cr₂₄V₄₀Fe₆,,Arc-Melting,3.6,276,70,\cite{hu2021}  DOI: https://doi.org/10.1016/j.jallcom.2021.1603 ,
SEM_048,Ti₂₇Cr₂₇V₄₀Fe₆,,Arc-Melting,3.55,276,70,\cite{hu2021}  DOI: https://doi.org/10.1016/j.jallcom.2021.160315,
SEM_049,MgNi,,Fast Forging ,2,583,20,\cite{wen2020} DOI: https://doi.org/10.1016/j.jpowsour.2020.228823,
SEM_050,TiVCrMn ,,Arc-melting,3.7,373,50,\cite{ding2025} DOI: https://doi.org/10.1016/j.ijhydene.2025.06.173,
SEM_051,(ZrTiVFe)0.95Cu0.05,,Arc-melting + HEBM,1.112,573,10,\cite{ma2022} DOI: https://doi.org/10.1016/j.ijhydene.2022.10.130,
SEM_052,(ZrTiVFe)0.95Cu0.05,,Arc-melting + HEBM,1.112,573,10,\cite{ma2022} DOI: https://doi.org/10.1016/j.ijhydene.2022.10.130,
SEM_053,(ZrTiVFe)0.99Cu0.1,,Arc-melting + HEBM,1.112,573,10,\cite{ma2022}  DOI: https://doi.org/10.1016/j.ijhydene.2022.10.130,
SEM_054,La₀.₆Y₀.₄MgNi₀.₈Al₀.₂,,Vaccum Induction Melting,1.371,373,30,\cite{zhai2024} DOI: https://doi.org/10.1016/j.jallcom.2024.175868 ,
SEM_055,La-Mg,,Rapid Solidification,3,623,20,\cite{poletaev2010} DOI: https://doi.org/10.1016/j.jallcom.2010.09.172,
SEM_056,La-Mg,,Rapid Solidification,3,623,20,\cite{poletaev2010} DOI: https://doi.org/10.1016/j.jallcom.2010.09.172,
SEM_057,La-Mg,,Rapid Solidification,5.77,623,20,\cite{poletaev2010}  DOI: https://doi.org/10.1016/j.jallcom.2010.09.172,
SEM_058,V48Fe12Ti15Cr25,,Vacuum Arc Melting,1.98,315,50,\cite{luo2019} DOI: https://doi.org/10.1016/j.ijhydene.2019.02.172,
SEM_059,V48Fe12Ti14Cr25Al,,Vacuum Arc Melting,1.73,315,50,\cite{luo2019}DOI: https://doi.org/10.1016/j.ijhydene.2019.02.172,
SEM_060,TiZrNbMoV,,LENS (300 W),2.3,323,85,"\cite{halpren2023} DOI: N/A (Thesis, no DOI provided)",2023 Hydrogen storage from alloys properties.pdf
SEM_061,TiZrNbMoV,,LENS (1000 W),0.59,323,85,"\cite{halpren2023} DOI: N/A (Thesis, no DOI provided)",2023 Hydrogen storage from alloys properties.pdf
SEM_062,TiZrNbMoV,,LENS (1000 W),0.61,323,85,"\cite{halpren2023}DOI: N/A (Thesis, no DOI provided)",2023 Hydrogen storage from alloys properties.pdf
SEM_063,Ti₁₀V₈₀Fe₆Zr₄,,Levitation Melting,3.4,298,40,\cite{hang2021} DOI: https://doi.org/10.1016/j.ijhydene.2021.06.019,
SEM_064,Ti₁₅V₇₅Fe₆Zr₄,,Levitation Melting,3.5,298,40,\cite{hang2021} DOI: https://doi.org/10.1016/j.ijhydene.2021.06.019,
SEM_065,Ti₂₀V₇₀Fe₆Zr₄,,Levitation Melting,3.61,298,40,\cite{hang2021} DOI: https://doi.org/10.1016/j.ijhydene.2021.06.019,
SEM_066,Ti₂₅V₆₅Fe₆Zr₄,,Levitation Melting,3.18,298,40,\cite{hang2021} DOI: https://doi.org/10.1016/j.ijhydene.2021.06.019,
SEM_067,Mg₉₀Ni₅Y₅,,Vacuum Induction Melting,6,573,30,\cite{yu2022} DOI: https://doi.org/10.1016/j.ijhydene.2022.06.056,
SEM_068,Mg₈₅Ni₁₀Y₅,,Vacuum Induction Melting,5.8,573,30,\cite{hang2021}  DOI: https://doi.org/10.1016/j.ijhydene.2022.06.056,
SEM_069,Mg₈₀Ni₁₅Y₅,,Vacuum Induction Melting,5.4,473,30,\cite{hang2021}  DOI: https://doi.org/10.1016/j.ijhydene.2022.06.056 ,
SEM_070,Ti₁.₉Zr₀.₁Ni,,Mechanical Alloying,3.3,298,----,\cite{wen2020} DOI: https://doi.org/10.1016/j.jpowsour.2020.228823   ,
SEM_071,Ti₁.₈Zr₀.₂Ni,,Mechanical Alloying,3.43,298,----,\cite{wen2020} DOI: https://doi.org/10.1016/j.jpowsour.2020.228823    ,
SEM_072,alloy,,Arc-melting,2.6,573,30,\cite{bobet2000} DOI: https://doi.org/10.1016/S0360-3199(00)00002-1   ,
SEM_073,Mg,,RMA in H₂ ,7,350,16,\cite{bobet2000}DOI:https://doi.org/10.1016/S0360-3199(00)00002-1,
SEM_074,MgCo,,RMA in H₂ ,5,351,16,\cite{bobet2000}DOI: https://doi.org/10.1016/S0360-3199(00)00002-1 ,
SEM_075,MgFe,,RMA in H₂ ,5,352,16,\cite{bobet2000}DOI: https://doi.org/10.1016/S0360-3199(00)00002-1,
SEM_076,MgCo,,MA in Ar ,3.2,353,16,\cite{bobet2000}DOI: https://doi.org/10.1016/S0360-3199(00)00002-1 ,
SEM_077,MgH₂,,Lower Controlled Temperature,7.6,666,12,\cite{house2014} DOI: https://doi.org/10.1016/j.actamat.2014.11.047 ,
SEM_078,Ti₂₇Cr₂₇V₄₀Fe₆,,Arc-melting,3.26,276,70,\cite{hu2021} DOI: https://doi.org/10.1016/j.jallcom.2021.160315,
SEM_079,LaMgNi,,Cast alloy followed by an annealing process.,2.6,573,30,\cite{gao2012} DOI: https://doi.org/10.1016/j.jpowsour.2012.02.088 ,
SEM_080,MgNi,,reactive mechanical alloying (RMA),7.1,643,20,\cite{bobet2000} DOI: https://doi.org/10.1016/S0360-3199(00)00002-1  ,
SEM_081,Mg₉₈Ni₁.₆₇La₀.₃₃ ,,resistance furnace melting,2.6,300,30,\cite{ding2022} DOI: https://doi.org/10.1016/j.ijhydene.2021.12.010,
SEM_082,ZK60MgZnZr,,casting,3.1,673,30,\cite{silva2019} DOI: https://doi.org/10.1016/j.ijhydene.2019.05.207 ,
SEM_083,MgNi,,ball milling,6,623,30,\cite{house2014} DOI: https://doi.org/10.1016/j.actamat.2014.11.047  ,
SEM_084,Mg98Ni1·67La0.33 ,,arc-melting,7,598,30,\cite{ding2022} DOI: https://doi.org/10.1016/j.ijhydene.2021.12.010,
SEM_085,Mg₉₈Ni₁.₆₇La₀.₃₃ ,,Arc-melting,2.6,300,30,\cite{ding2022}DOI: https://doi.org/10.1016/j.ijhydene.2021.12.010,
SEM_086,ZK60Mm,,induction furnace,3,673,40,\cite{silva2016} DOI: https://doi.org/10.1016/j.ijhydene.2015.12.085 ,
SEM_087,AlMg2TiZn,,Ball-milling,1.4,643,25,\cite{cermak2022} DOI: https://doi.org/10.1016/j.renene.2022.08.108,
SEM_088,Ti1.04Fe0.7Ni0.1Zr0.1Mn0.1Pr0.06 ,,Induction melting ,0,303,N/A,\cite{shang2022} DOI: https://doi.org/10.1016/j.ijhydene.2021.10.068,
SEM_089,Ti1.04Fe0.7Ni0.1Zr0.1Mn0.1Pr0.06Ni,,Ball-milling ,24.07,303,N/A,\cite{shang2022} DOI: https://doi.org/10.1016/j.ijhydene.2021.10.068,
SEM_090,Ti1.04Fe0.7Ni0.1Zr0.1Mn0.1Pr0.06Ni ,,Ball-milling ,22.55,303,N/A,\cite{shang2022}DOI: https://doi.org/10.1016/j.ijhydene.2021.10.068,
SEM_091,Ti1.04Fe0.7Ni0.1Zr0.1Mn0.1Pr0.06Ni ,,Ball-milling ,20.99,303,N/A,\cite{shang2022}DOI: https://doi.org/10.1016/j.ijhydene.2021.10.068,
SEM_092,Ti1.04Fe0.7Ni0.1Zr0.1Mn0.1Pr0.06Ni ,,Ball-milling ,20.21,303,N/A,\cite{shang2022}DOI: https://doi.org/10.1016/j.ijhydene.2021.10.068,
SEM_093,Ti1.04Fe0.7Ni0.1Zr0.1Mn0.1Pr0.06Ni ,,Ball-milling ,12.17,303,N/A,\cite{shang2022} DOI: https://doi.org/10.1016/j.ijhydene.2021.10.068,
SEM_094,MgH2Ni0.05 ,,Ball-milling ,5.9,495,20,\cite{house2014} DOI: https://doi.org/10.1016/j.actamat.2014.11.047,
SEM_095,MgH2Ni0.05 ,,Ball-milling ,5.72,517,20,\cite{house2014} DOI: https://doi.org/10.1016/j.actamat.2014.11.047,
SEM_096,MgH2Ni0.05 ,,Ball-milling ,6.01,419,20,\cite{house2014}DOI: https://doi.org/10.1016/j.actamat.2014.11.047,
SEM_097,ZrCoNi,,Arc-melting + Electroless plating,2.6,553,30,\cite{wang2016} DOI: https://doi.org/10.1016/j.ijhydene.2016.07.077 ,
SEM_098,ZrCoNi,,Arc-melting + Electroless plating,2.5,553,30,\cite{wang2016}DOI: https://doi.org/10.1016/j.ijhydene.2016.07.077,
SEM_099,ZrCoNi,,Arc-melting + Electroless plating,2.4,553,30,\cite{wang2016} DOI: https://doi.org/10.1016/j.ijhydene.2016.07.077,
SEM_100,ZrCoNi,,Arc-melting + Electroless plating,2.3,553,30,\cite{wang2016} DOI: https://doi.org/10.1016/j.ijhydene.2016.07.077,
SEM_101,Ti0.5V1.4Ni0.1,,Mechanical Alloying (14h),2.23,303,30,\cite{balcerzak2018} DOI: https://doi.org/10.1016/j.ijhydene.2018.03.123,
SEM_102,Ti0.5V1.3Ni0.2,,Mechanical Alloying (14h),1.79,303,30,\cite{balcerzak2018} DOI: https://doi.org/10.1016/j.ijhydene.2018.03.123,
SEM_103,Ti1.1-xZr0.1YxFe0.6Ni0.3Mn0.2,,Vacuum induction melting,1.449,423,30,\cite{han2022} DOI: https://doi.org/10.1016/j.ijhydene.2022.09.227,
SEM_104,Ti1.08Zr0.1Y0.02Fe0.6Ni0.3Mn0.2,,Vacuum induction melting,1.776,423,30,\cite{han2022} DOI: https://doi.org/10.1016/j.ijhydene.2022.09.227,
SEM_105,Ti1.06Zr0.1Y0.04Fe0.6Ni0.3Mn0.2,,Vacuum induction melting,1.816,423,30,\cite{han2022}  DOI: https://doi.org/10.1016/j.ijhydene.2022.09.227,
SEM_106,Ti1.04Zr0.1Y0.06Fe0.6Ni0.3Mn0.2,,Vacuum induction melting,1.752,423,30,\cite{han2022}  DOI: https://doi.org/10.1016/j.ijhydene.2022.09.227,
SEM_107,Ti1.02Zr0.1Y0.08Fe0.6Ni0.3Mn0.2,,Vacuum induction melting,1.735,423,30,\cite{han2022}  DOI: https://doi.org/10.1016/j.ijhydene.2022.09.227,
SEM_108,La1.5Mg0.5Ni6.5Co0.5,,Mechanical alloying ,295,298,N/A,\cite{dymek2018} DOI:https://doi.org/10.1016/j.jallcom.2018.11.196,
SEM_109,ZrCo,,Arc melting + hand crushing,1.84,453,30,\cite{wang2017} DOI: https://doi.org/10.1016/j.energy.2017.07.143,
SEM_110,ZrCoPd,,Arc melting + electroless plating (Pd 0.6 g/L),1.84,453,30,\cite{wang2017} DOI: https://doi.org/10.1016/j.energy.2017.07.143,
SEM_111,ZrCoPd,,Arc melting + electroless plating (Pd 1.0 g/L),1.84,453,30,\cite{wang2017}  DOI: https://doi.org/10.1016/j.energy.2017.07.143,
SEM_112,LiBH4,,Hydrogen-assisted solvothermal process; no FL-Gr support,1.9,673,350,\cite{zhang2024} DOI: https://doi.org/10.1016/j.nanoen.2024.110128,
SEM_113,LiBH4FLGrs,,Hydrogen-assisted solvothermal with 30 wt% FL-Grs,7.2,503,100,\cite{zhang2024} DOI: https://doi.org/10.1016/j.nanoen.2024.110128,
SEM_114,BMHMLiBH4,,Ball milling and hand milling post-synthesis,7.5,623,100,\cite{zhang2024} DOI: https://doi.org/10.1016/j.nanoen.2024.110128,
SEM_115,Gd5Mg90Ni5,,Vacuum induction melting + crushing,6.16,623,30,\cite{bu2022} DOI: https://doi.org/10.1016/j.ijhydene.2022.06.108,
SEM_116,Gd5Mg85Ni10,,Vacuum induction melting + crushing ,5.67,623,30,\cite{bu2022} DOI: https://doi.org/10.1016/j.ijhydene.2022.06.108,
SEM_117,Gd5Mg80Ni15,,Vacuum induction melting + crushing ,5.24,623,30,\cite{bu2022} DOI: https://doi.org/10.1016/j.ijhydene.2022.06.108,
SEM_118,Mg65Ni20Cu5Y10,,Melt spinning + attrition + compaction,0.25,420,50,\cite{revesz2011} DOI: https://doi.org/10.1016/j.ijhydene.2011.12.160,
SEM_119,Mg65Ni20Cu5Y10,,High-pressure torsion,0.65,420,50,\cite{revesz2011}DOI: https://doi.org/10.1016/j.ijhydene.2011.12.160,
SEM_120,Pr5Mg85Ni10,,Vacuum induction melting + crushing,5.64,633,35,\cite{bu2021} DOI:https://doi.org/10.1016/j.vacuum.2021.110865,
SEM_121,Pr5Mg80Ni15,,Vacuum induction melting + crushing,5.11,633,35,\cite{bu2021}  DOI: https://doi.org/10.1016/j.vacuum.2021.110865,
SEM_122,Mg2.3Y0.1NiG,,Mechanical ball milling + graphene composite,3.251,573,30,\cite{zhou2023} DOI: https://doi.org/10.1016/j.ijhydene.2023.06.255,
SEM_123,Mg2.3Y0.1NiG,,Mechanical ball milling + graphene composite,3.101,573,30,\cite{zhou2023} DOI: https://doi.org/10.1016/j.ijhydene.2023.06.255 ,
SEM_124,LaMg2LaNi5,,Mechanical milling,3.5,523,50,\cite{liang2000} DOI: https://doi.org/10.1016/S0925-8388(99)00592-7 ,
SEM_125,LaMg2,,Mechanical milling,5,523,50,\cite{liang2000} DOI: https://doi.org/10.1016/S0925-8388(99)00592-7  ,
SEM_126,Mg,,High energy ball milling (HEBM) using zirconia balls,4.6,623,20,\cite{cortinez2024} DOI: https://doi.org/10.1016/j.ijhydene.2024.05.254,
SEM_127,Mg,,Two-step ball milling,4.6,623,10,\cite{cortinez2024}  DOI: https://doi.org/10.1016/j.ijhydene.2024.05.254  ,
SEM_128,Ti0.9Zr0.2Mn1.5Cr0.3V0.3 + La7Mg2.5Zr0.05(Ni0.85Co0.15)3.5,,Ball milling of TiMn-based Laves phase alloy + La–Mg-based alloy powders,1.65,373,30,\cite{chu2007} DOI: https://doi.org/10.1016/j.ijhydene.2007.02.040    ,
SEM_129,Ti0.9Zr0.2Mn1.5Cr0.3V0.3 ,,Ball milling alone as control,1.6,373,30,\cite{chu2007} DOI: https://doi.org/10.1016/j.ijhydene.2007.02.040 ,
SEM_130,Mg93Ni5Si2 ,,Vacuum melting and casting,6.21,273,40,\cite{sun2025} DOI: https://doi.org/10.1016/j.cej.2025.166822   ,
SEM_131,AB5PE,,Sequential ball milling + cold pressing,1.16,293,30,\cite{ugaddan2024} DOI: https://doi.org/10.1016/j.ijhydene.2024.06.383 ,
SEM_132,AB5PMMA,,Sequential ball milling + cold pressing,1.3,293,30,\cite{jiang2013} DOI: https://doi.org/10.1016/j.jallcom.2013.02.178   ,
SEM_133,La1.8Ti0.2MgNi8.7Al0.3,,Magnetic levitation melting,1.21,303,10,\cite{jiang2013} DOI:https://doi.org/10.1016/j.jallcom.2013.02.178 ,
SEM_134,La1.8Ti0.2MgNi8.7Al0.3,,Magnetic levitation melting + annealing,1.26,303,10,\cite{jiang2013} DOI: https://doi.org/10.1016/j.jallcom.2013.02.178 ,
SEM_135,La1.8Ti0.2MgNi8.7Al0.3,,Magnetic levitation melting + annealing,1.31,303,10,\cite{jiang2013} DOI:https://doi.org/10.1016/j.jallcom.2013.02.178,
SEM_136,CoCe2(MoO4)4,,Solution combustion,17.72,298,N/A,\cite{morassaei2021} DOI: https://doi.org/10.1016/j.jallcom.2020.158374    ,
SEM_137,Mg10V10Nb,,Physical vapor deposition,4.5,473,2.3,\cite{tan2012} DOI: https://doi.org/10.1016/j.actamat.2012.06.009   ,
SEM_138,PEIS/NaAlH4,,Solution mixing,1.1,393,32,\cite{beatrice2020} DOI: https://doi.org/10.1016/j.ijhydene.2019.06.169,
SEM_139,PEIS/MWCNT/NaAlH4,,Solution mixing,1.2,393,32,\cite{beatrice2020} DOI: https://doi.org/10.1016/j.ijhydene.2019.06.169 ,
SEM_140,Pani/NaAlH4,,Spray drying,0.95,393,32,\cite{beatrice2020} DOI: https://doi.org/10.1016/j.ijhydene.2019.06.169 ,
SEM_141,Pani/TiO2/NaAlH4,,Spray drying,0.32,393,32,\cite{beatrice2020} DOI: https://doi.org/10.1016/j.ijhydene.2019.06.169 ,
SEM_142,Co2B,,High temperature solid phase,1.74,303,N/A,\cite{lv2020} DOI: https://doi.org/10.1016/j.solidstatesciences.2020.106184,
SEM_143,Co2BPd,,High temperature solid phase + ball milling,1.9,303,N/A,\cite{lv2020} DOI: https://doi.org/10.1016/j.solidstatesciences.2020.106184 ,
SEM_144,Co2BPd,,High temperature solid phase + ball milling,2.24,303,N/A,\cite{lv2020} DOI: https://doi.org/10.1016/j.solidstatesciences.2020.106184 ,
SEM_145,Co2BPd,,High temperature solid phase + ball milling,1.4,303,N/A,\cite{lv2020} DOI: https://doi.org/10.1016/j.solidstatesciences.2020.106184   ,
SEM_146,Mg0.65Sc0.35,,Electron beam deposition (thin films) with Pd,5.6,300,140,\cite{kalisvaart2006} DOI: https://doi.org/10.1016/j.jallcom.2005.09.042  ,
SEM_147,Mg0.65Sc0.35Pd0.024,,Electron beam deposition (thin films) with Pd,5.6,323,140,\cite{kalisvaart2006} DOI: https://doi.org/10.1016/j.jallcom.2005.09.042,
SEM_148,La4.5Ce0.5Ni4Co,,Inductive melting + annealing,1.474,343,42,\cite{zhu2019} DOI: https://doi.org/10.1016/j.matchemphys.2019.121725       ,
SEM_149,CeYLaNi4Co,,Inductive melting + annealing,1.111,343,15,\cite{zhu2019} DOI: https://doi.org/10.1016/j.matchemphys.2019.121725,
SEM_150,Mg0.65Sc0.35Pd0.024,,Arc melting + annealing (bulk),5.6,323,140,\cite{kalisvaart2006} DOI: https://doi.org/10.1016/j.jallcom.2005.09.042 ,
SEM_151,Mg0.80Sc0.20Pd0.024,,Arc melting + annealing (bulk),5.6,323,140,\cite{kalisvaart2006} DOI: https://doi.org/10.1016/j.jallcom.2005.09.042,
SEM_152,ZrCo,,Commercial granule + ball milling,1.85,373,0.8,\cite{kou2019} DOI:https://doi.org/10.1016/j.fusengdes.2018.11.006,
SEM_153,Co0.9Cu0.1SiPd,,Mechanical alloying + ball milling + Pd doping,2.73,293,N/A,\cite{zhao2019} DOI:https://doi.org/10.1016/j.solidstatesciences.2019.02.011,
SEM_154,MgH2TiO2C,,Ball milling MgH2 with TiO2C powde,6.6,413,50,\cite{zhang2018} DOI: https://doi.org/10.1016/j.jpowsour.2018.07.072,
SEM_155,MgH2TiO2MnCo2O4.5,,Hydrothermal calcination + ball milling,6.6,423,30,\cite{wan2025} DOI: https://doi.org/10.1016/j.seppur.2024.129776  ,
SEM_156,GO,,Electrophoretic deposition + electroplating,3.2,293,N/A,\cite{aghajani2023} DOI:https://doi.org/10.1016/j.ijhydene.2022.11.184,
SEM_157,SrMnO3SrCO3,,Pechini sol-gel synthesis,0.95,293,N/A,\cite{ehsanizadeh2024} DOI: https://doi.org/10.1016/j.ijhydene.2024.02.219,
SEM_158,TiCr1.2VFe0.6MnMoNb,,Arc melting + elemental alloying,1.32,293,60,\cite{li2024b} DOI: https://doi.org/10.1016/j.matchemphys.2024.129132,
SEM_159,LaNi5Fe0,,"Arc melting, annealing",1.53,293,65,\cite{zhu2024} DOI: https://doi.org/10.1016/j.ijhydene.2024.03.231,
SEM_160,BH4Al2,,Melt-infiltration into porous Al scaffold,7.6,360,100,\cite{sofianos2018} DOI: https://doi.org/10.1016/j.jallcom.2018.10.086,
SEM_161,Ti1.092-xY0.08Fe0.8Mn0.2,,Vacuum induction melting furnace casting,1.84,363,40,\cite{li2022} DOI: https://doi.org/10.1016/j.jallcom.2022.166992,
SEM_162,TiFeZr2V,,"Arc melting, cold rolling, forging",1.7,293,20,\cite{lv2019} DOI: https://doi.org/10.1016/j.ijhydene.2019.08.249,
SEM_163,LaNi0Fe0.5,,"Arc melting, annealing",1.51,293,65,\cite{zhu2024} DOI: https://doi.org/10.1016/j.ijhydene.2024.03.231,
SEM_164,LaNi0.5Fe0.5,,"Arc melting, annealing",1.49,293,65,\cite{zhu2024} DOI: https://doi.org/10.1016/j.ijhydene.2024.03.231,
SEM_165,TiFeMn,,10-min mechanical milling (100 L device),1.5,298,20,\cite{bellosta2019} https://doi.org/10.1016/j.ijhydene.2019.01.174,
SEM_166,Mg91Al5Y4Fe/C,,Melting + ball milling + Fe/C composite,5.77,633,30,\cite{wei2022} https://doi.org/10.1016/j.matchar.2022.112406,
SEM_167,Ti1.5Zr0.5NiTi1.75Zr0.25Ni,,Mechanical alloying and annealing at 1023 K,2.17,293,70,\cite{balcerzak2016} DOI: https://doi.org/10.1016/j.est.2016.09.003,
SEM_168,La20.5Mg0.5Ni7,,"Mechanical alloying, Annealing at 973 K",1.53,303,70,\cite{balcerzak2017} DOI: https://doi.org/10.1016/j.ijhydene.2016.05.220,
SEM_169,MgHNNb2O5C,,Ball milling MgH2 with N-Nb2O5C nanorods under 50 atm H2,6,298,50,\cite{wang2020} DOI: https://doi.org/10.1016/j.cej.2020.126831,
SEM_170,Mg2NiCu ,,Induction melting + annealing,3.6,613,10,\cite{sun2020} DOI: https://doi.org/10.1016/j.ijhydene.2020.07.167,
SEM_171,MgVNiFeZn,,Vacuum induction melting + ball milling,2.36,293,N/A,\cite{bu2022} DOI: https://doi.org/10.1016/j.ijhydene.2022.03.163,
SEM_172,LaNi4Al,,Arc melting + annealing,1.2,443,20,\cite{liu2018} DOI: https://doi.org/10.1016/j.jallcom.2017.10.042,
SEM_173,Mg7.8Ni2.2Gd,,Vacuum melt + melt spinning + ball mill,5.9,623,35,\cite{qiu2025} DOI: https://doi.org/10.1016/j.jallcom.2025.182848,
SEM_174,MgH₂FeNi₂S₄,,Ball-milling + hydrogenation combustion,6.09,573,30,\cite{fu2023} DOI: https://doi.org/10.1016/j.jma.2021.11.033 ,
SEM_175,LaNi4Co0.5Mn0.5,,"Arc melting (re-melted 3x, argon)",1.36,298,12,\cite{bouaziz2022} DOI: https://doi.org/10.1016/j.ces.2022.117453 ,
SEM_176,Ti₀.₈Zr₀.₂₂Mn₁.₂₂Cr₀.₅₃VFe₀.₂₅,,"Vacuum melting, arc-melt, cast",2.06,353,16,\cite{zhou2025} DOI: https://doi.org/10.1002/advs.202513463 ,
SEM_177,Ti₀.₈Zr₀.₂₂Mn₁.₂₂Cr₀.₅₃VFe₀.₂₅,,"Vacuum melting, arc-melt, cast",2.06,353,16,\cite{zhou2025}DOI: https://doi.org/10.1002/advs.202513463 ,
SEM_178,MgH2FeNi2S4,,Ball milling + hydrogenation combustion,1.92,573,30,\cite{fu2023} DOI: https://doi.org/10.1016/j.jma.2021.11.033  ,
SEM_179,MgH₂FeNi₂S₄,,Ball milling + hydrogenation combustion,6.09,573,30,\cite{fu2023} DOI: https://doi.org/10.1016/j.jma.2021.11.033 ,
SEM_180,Mg₂Ni ,,"Ion beam sputtering (heated), annealed, Pd cap",0.3,523,15,\cite{andersen2023} DOI: https://doi.org/10.1016/j.ijhydene.2022.12.216,
SEM_181,Mg₂Ni ,,"Ion beam sputtering (heated), annealed, Pd cap",3.6,523,15,\cite{andersen2023}  DOI: https://doi.org/10.1016/j.ijhydene.2022.12.216,
SEM_182,Mg₂Ni,,"Ion beam sputtering, annealed 300°C 5h, Pd cap",3.6,523,15,\cite{andersen2023}  DOI: https://doi.org/10.1016/j.ijhydene.2022.12.216 ,
SEM_183,N-G-Ca,,"Doped graphene, atomic Ca loading, freeze-drying",1.8,77,20,\cite{gao2024} DOI: https://doi.org/10.1038/s41467-024-45082-9 ,
SEM_184,O-G-Ca,,"O-doped graphene, atomic Ca",2.1,77,20,\cite{gao2024} DOI: https://doi.org/10.1038/s41467-024-45082-9   ,
SEM_185,PGCa,,"P-doped graphene, atomic Ca",1.5,77,20,\cite{gao2024} DOI: https://doi.org/10.1038/s41467-024-45082-9  ,
SEM_186,SiNi,,Acid double etch + Ni,0.81,423,37,\cite{li2021} DOI: https://doi.org/10.2139/ssrn.3845644 ,
SEM_187,Si,,Single acid etch,0.2,423,37,\cite{li2021} DOI: https://doi.org/10.2139/ssrn.3845644  ,
SEM_188,Si ,,Double acid etch,0.32,423,37,\cite{li2021} DOI: https://doi.org/10.2139/ssrn.3845644  ,
SEM_189,CarbonRC1000 ,,Sol-gel synthesis,3.3,77,30,\cite{pandey2020} DOI: https://doi.org/10.1016/j.ijhydene.2020.08.145 ,
SEM_190,CarbonRC1000,,KOH activation,2.5,77,30,\cite{pandey2020} DOI: https://doi.org/10.1016/j.ijhydene.2020.08.145   ,
SEM_191,CarbonRC2000,,Sol-gel,1.49,77,30,\cite{pandey2020} DOI: https://doi.org/10.1016/j.ijhydene.2020.08.145  ,
SEM_192,Mg ,,Glancing angle deposition,1.49,373,30,\cite{cansizoglu2018} DOI: https://doi.org/10.1016/j.ijhydene.2018.09.194      ,
SEM_193,Mg ,,Glancing angle deposition,4.42,473,30,\cite{cansizoglu2018} DOI: https://doi.org/10.1016/j.ijhydene.2018.09.194        ,
SEM_194,Mg ,,Glancing angle deposition,6.98,573,30,\cite{cansizoglu2018} DOI: https://doi.org/10.1016/j.ijhydene.2018.09.194       ,
SEM_195,Mg ,,"Thermal evaporation, normal incidence",5.5,633,30,\cite{cansizoglu2018} DOI: https://doi.org/10.1016/j.ijhydene.2018.09.194        ,
SEM_196,Ce₅Mg₈₅Ni₁₀ ,,"Induction melting, argon, crushed",5.5,303,30,\cite{shang2018} DOI: https://doi.org/10.1016/j.jma.2022.09.009 ,
SEM_197,Ti₁.₁Fe₀.₉Ni₀.₁ ,,Vacuum induction melting,0.065,303,30,\cite{shang2018} DOI: https://doi.org/10.1016/j.jma.2022.09.009  ,
SEM_198,Ti₁.₁Fe₀.₉Ni₀.₁,,	Ball milling,0.26,303,N/A,\cite{shang2018} DOI: https://doi.org/10.1016/j.jma.2022.09.009  ,
SEM_199,Ti₁.₁Fe₀.₉Ni₀.₁ + 7.5 wt% Ni ,,	Ball milling,0.99,303,N/A,\cite{shang2018} DOI: https://doi.org/10.1016/j.jma.2022.09.009  ,
SEM_200,Ti₁.₀₉Mg₀.₀₁Fe₀.₉Ni₀.₁ ,,	Ball milling,0.41,303,N/A,\cite{shang2018} DOI: https://doi.org/10.1016/j.jma.2022.09.009  ,
SEM_201,Ti₁.₀₉Mg₀.₀₁Fe₀.₉Ni₀.₁Ni ,,	Ball milling,1.06,303,N/A,\cite{shang2018} DOI: https://doi.org/10.1016/j.jma.2022.09.009      ,
SEM_202,TiFe ,,"Arc melting + cold rolling under argon, glove box, moisture <0.1 ppm",1.4,298,20,\cite{vega2018} DOI: https://doi.org/10.1016/j.ijhydene.2017.12.054    ,
SEM_203,TiFe1xMnxMn,,"Arc melting, annealing, characterization by XRD, XPS, SEM",1.9,298,30,\cite{pati2021} DOI: https://doi.org/10.1016/j.ijhydene.2021.08.041   ,
SEM_204,TiV0.9Mn1.1,,"Arc melting, planetary mill, mechanical alloying under inert",1.9,313,70,\cite{huot2007 https://doi.org/10.1016/J.JALLCOM.2009.05.037 ,
SEM_205,VOx-NTs,,"Hydrothermal treatment with organic template, 180°C 2 days",0.98,313,10,\cite{azizi2015} DOI: https://doi.org/10.1016/j.jallcom.2015.06.224   ,
SEM_206,MgCeNiAl,,"Vacuum induction melting, ball milling with Ni, electrochemistry",1.7,298,N/A,\cite{zhang2020} DOI: https://doi.org/10.1016/j.jallcom.2009.02.146 ,
SEM_207,Er2Ti2O7 ,,"	Sol-gel method, calcination, electrochemical testing in KOH",1.27,298,N/A,\cite{zhang2020} DOI: https://doi.org/10.1016/j.jallcom.2009.02.146  ,
SEM_208,MgH2NiO/C,,Ball milling (doping nano NiO/C catalyst derived from Ni-UMOFNs into MgH2),6.21,573,30,\cite{hou2022} DOI: https://doi.org/10.1016/j.jallcom.2021.163314,
SEM_209,Mg/5%Ti ,,Chemical vapor synthesis (CVS),5.2,423,103,\cite{choi2009} DOI: https://doi.org/10.1016/j.ijhydene.2009.07.033    ,
SEM_210,LaNi4.5Al0.5 ,,Gas atomisation,1.19,298,N/A,\cite{spodaryk2015} DOI: https://doi.org/10.1016/j.jallcom.2014.09.209     ,
SEM_211,LaNi2.5Co2.4Al0.1 ,,Gas atomisation,1.12,298,N/A,\cite{spodaryk2015} DOI: https://doi.org/10.1016/j.jallcom.2014.09.209    ,
SEM_212,LaMmNi3.5Co0.7Al0.35Mn0.4Zr0.05,,Gas atomisation,1.12,298,N/A,\cite{spodaryk2015} DOI: https://doi.org/10.1016/j.jallcom.2014.09.209       ,
SEM_213,MmNi4.3Al0.2Mn0.5 ,,Gas atomisation,1.12,298,N/A,\cite{spodaryk2015} DOI: https://doi.org/10.1016/j.jallcom.2014.09.209          ,
SEM_214,LaNi4.5Al0.5 ,,Casting,1.19,298,N/A,\cite{spodaryk2015} DOI: https://doi.org/10.1016/j.jallcom.2014.09.209         ,
SEM_215,LaNi2.5Co2.4Al0.1 ,,Gas atomisation,1.12,298,N/A,\cite{spodaryk2015} DOI: https://doi.org/10.1016/j.jallcom.2014.09.209     ,
SEM_216,LaNi2.5Co2.4Al0.1,,Casting,1.12,298,N/A,\cite{spodaryk2015} DOI: https://doi.org/10.1016/j.jallcom.2014.09.209     ,
SEM_217,LaNi5 ,,Casting,1.3,298,N/A,\cite{spodaryk2015} DOI: https://doi.org/10.1016/j.jallcom.2014.09.209             ,
SEM_218,TiFeZr ,,Induction melting with step mold,1.86,298,30,\cite{patel2019} DOI: https://doi.org/10.1016/j.jmrt.2019.09.030 ,
SEM_219,TiFeZr ,,Induction melting with step mold,1.86,298,30,\cite{patel2019} DOI: https://doi.org/10.1016/j.jmrt.2019.09.030      ,
SEM_220,TiFeZr,,Induction melting with step mold,1.86,298,30,\cite{patel2019} DOI: https://doi.org/10.1016/j.jmrt.2019.09.030 ,
SEM_221,TiFeZr ,,Induction melting with step mold,1.2,298,3,\cite{mungole2000} DOI: https://doi.org/10.1016/S0360-3199(99)00012-9            ,
SEM_222,MmNi4.2Al0.8,,Arc melting,2.12,573,50,\cite{nabi2020} DOI: https://doi.org/10.1016/j.ijhydene.2019.12.042       ,
SEM_223,GaN,,Chemical vapor deposition,4.95,423,15,\cite{wu2023} DOI: https://doi.org/10.1016/j.jallcom.2023.171160             ,
SEM_224,MgH2NiKNbO4,,Ball milling after solvothermal/hydrothermal/calcination for catalyst,3.25,573,10,\cite{gasiorowski2004} DOI: https://doi.org/10.1016/S0925-8388(03)00544-9 ,
SEM_225,Mg2Ni ,,Mechanical alloying + annealing (450°C/0.5 h),2.5,573,10,\cite{gasiorowski2004} DOI: https://doi.org/10.1016/S0925-8388(03)00544-9           ,
SEM_226,Mg1.75Mn0.25Ni,,Mechanical alloying + annealing (450°C/0.5 h),2,298,N/A,\cite{araujo2019} DOI: https://doi.org/10.1016/j.ijhydene.2019.05.211 ,
SEM_227,βTi-40Nb,,"Arc melting + rapid solidification + extensive cold rolling (ECR, 80 passes)",1.8,298,N/A,\cite{araujo2019} DOI: https://doi.org/10.1016/j.ijhydene.2019.05.211        ,
SEM_228,βTi-40Nb ,,"Arc melting + rapid solidification + extensive cold rolling (ECR, 40 passes)",1.7,573,N/A,\cite{araujo2019} DOI: https://doi.org/10.1016/j.ijhydene.2019.05.211,
SEM_229,βTi-40Nb,,Arc melting + rapid solidification,1.86,298,N/A,\cite{dematteis2021} DOI: https://doi.org/10.1016/j.jallcom.2020.156075    ,
SEM_230,TiFe0.88Mn0.02,,Arc melting,1.86,298,N/A,\cite{dematteis2021} DOI: https://doi.org/10.1016/j.jallcom.2020.156075 ,
SEM_231,TiFe0.86Mn0.02Cu0.02,,Arc melting,1.86,298,N/A,\cite{dematteis2021} DOI: https://doi.org/10.1016/j.jallcom.2020.156075    ,
SEM_232,LiBH4Al ,,"Sintering NaAlH4 under dynamic vacuum to form porous Al, followed by LiBH4 infiltration",13.8,473,N/A,\cite{sofianos2017} DOI: https://doi.org/10.1016/j.ijhydene.2018.07.072 ,
SEM_233,MgH2,,Controlled reactive mechanical milling (CRMM) under hydrogen,7.6,N/A,N/A,\cite{varin2006} DOI:https://doi.org/10.1016/j.jallcom.2005.12.087   ,
SEM_234,MgH2Co@CNTs,,Ball milling (MgH2 with Co@CNTs catalyst),7.6,N/A,N/A,\cite{liu2022} DOI: https://doi.org/10.1016/j.mtnano.2021.100168    ,
SEM_235,Ho3Fe5O12/Mg2AlOH7 ,,Sonochemical synthesis,1.57,298,N/A,\cite{liu2022} DOI: https://doi.org/10.1016/j.mtnano.2021.100168 ,
SEM_236,Mg2AlOH7 ,,Sonochemical synthesis,0.79,298,N/A,\cite{alinavaz2023} DOI: https://doi.org/10.1016/j.est.2023.107369    ,
SEM_237,La0.8-xCe0.2Y0.2MgNi3.4Co0.4Al0.1 ,,Melt spinning,1.49,298,N/A, \cite{zhang2017} DOI: https://doi.org/10.1016/j.jallcom.2016.12.341 ,
SEM_238,La0.8-xCe0.2Y0.1MgNi3.4Co0.4Al0.1,,Melt spinning,1.49,298,N/A, \cite{zhang2017} DOI: https://doi.org/10.1016/j.jallcom.2016.12.341 ,
SEM_239,La0.78Ce0.22Ni3.950.4Co0.65Mn0.3Si0.1Al0.4,,Arc melting or induction melting,1.3,333,N/A,\cite{zhou2016} DOI: https://doi.org/10.1016/j.ijhydene.2015.10.070 ,
SEM_240,Mg2Cu,,Mechanical alloying (MA),2.25,298,N/A,\cite{jurczyk2007} DOI: https://doi.org/10.1016/j.jallcom.2006.04.024 ,
SEM_241,Mg2Cu/Pd,,Mechanical alloying (MA) + Pd coating,2.25,298,N/A,\cite{jurczyk2007} DOI: https://doi.org/10.1016/j.jallcom.2006.04.024 ,
SEM_242,TiCr2Zr,,Arc melting,1.9,298,N/A,\cite{lv2022} DOI: https://doi.org/10.1016/j.ijhydene.2022.04.041 ,
SEM_243,MgH2Ni/C,,Ball milling with Ni/C nano-catalyst,6.01,293,N/A,\cite{ding2025} DOI: https://doi.org/10.1016/j.jma.2024.04.020 ,
SEM_244,LaNi5,,Arc melting,1.3,293,35,\cite{tarasov2018} DOI: https://doi.org/10.1016/j.ijhydene.2018.01.086 ,
SEM_245,La0.5Ce0.5Ni5,,Arc melting,1.3,293,38,\cite{tarasov2018} DOI: https://doi.org/10.1016/j.ijhydene.2018.01.086 ,
SEM_246,TiFeZr ,,Arc melting + ball milling/cryomilling,1.9,298,20,\cite{lv2019} DOI: https://doi.org/10.1016/j.jmrt.2018.12.013 ,
SEM_247,Ti24Cr17.5V50Fe8.5Ce1,,Magnetic levitation melting + annealing,3.8,298,65,\cite{mi2009} DOI: https://doi.org/10.1016/S1002-0721(08)60211-2 ,
SEM_248,TiFeHf16,,Arc melting,1.9,298,N/A,\cite{razafindramanana2019} DOI: https://doi.org/10.3390/en12183477 ,
SEM_249,BoronCr3FH40OBDC60,,Covalent modification + surface-assisted growth,1.5,293,N/A,\cite{lv2019} DOI: https://doi.org/10.1016/j.jmrt.2018.12.013               ,
SEM_250,Ti24Cr17.5V50Fe8.5Ce0.5,,Magnetic levitation melting + annealing,1.87,298,20,\cite{lv2019} DOI: https://doi.org/10.1016/j.jmrt.2018.12.013     ,
SEM_251,Ti24Cr17.5V50Fe8.5Ce1,,Magnetic levitation melting + annealing,1.82,298,20,\cite{lv2019} DOI: https://doi.org/10.1016/j.jmrt.2018.12.013     ,
SEM_252,MgCuNiY,,Melt-spinning,4.8,385,30,\cite{kalinichenka2011} DOI: https://doi.org/10.1016/j.ijhydene.2010.10.099,
SEM_253,Mg₂Cu/MgCu₂,,Mechanical milling,5.1,400,20,\cite{milanese2008} DOI: https://doi.org/10.1016/j.jallcom.2007.10.061,
SEM_254,Mg–Zn,,Mechanical milling,4.5,400,20,\cite{milanese2008} DOI: https://doi.org/10.1016/j.jallcom.2007.10.061,
SEM_255,Mg₂FeH₆,,Reactive ball milling,6.9,673,50,\cite{puszkiel2009} DOI: https://doi.org/10.1016/j.jpowsour.2008.09.101,
SEM_256,LaNi₅/La₂Ni₇/LaNi₃,,Melt-casting,1.6,473,50,\cite{srivastava1999} DOI: https://doi.org/10.1016/S0925-8388(99)00196-6,
SEM_257,Mg₂FeH₆,,Thermal decomposition,4.95,573,40,\cite{niaz2013} DOI: https://doi.org/10.1155/2013/610642,
SEM_258,Ti₀.₅V₁.₅,,Mechanical Alloying,2.75,303,30,\cite{Balcerzak2019} DOI: https://doi.org/10.1007/s11665-019-04266-x ,
SEM_259,Ti₀.₅V₁.₄Co₀.₁,,Mechanical Alloying,2.11,303,30,\cite{Balcerzak2019} DOI: https://doi.org/10.1007/s11665-019-04266-x   ,
SEM_260,Ti₀.₅V₁.₃Co₀.₂,,Mechanical Alloying,1.79,303,30,\cite{Balcerzak2019} DOI: https://doi.org/10.1007/s11665-019-04266-x  ,
SEM_261,Ti₀.₅V₁.₂Co₀.₃,,Mechanical Alloying,1.67,303,30,\cite{Balcerzak2019} DOI: https://doi.org/10.1007/s11665-019-04266-x  ,
SEM_262,Zr₂Co₀.₅Fe₀.₂Ni₀.₂V₀.₁,,Arc Melting,2.1,700,26.5,\cite{Komeili2021} DOI:  https://doi.org/10.1016/j.ijhydene.2021.03.045,
SEM_263,TiFe₀.₈Mn₀.₂ ,,Gas Atomization,1.64,293,40,\cite{Lee2023} DOI: https://doi.org/10.1016/j.ijhydene.2023.03.289,
SEM_264,TiFe₀.₈Mn₀.₂ ,,Arc Melting,1.61,293,40, \cite{Lee2023} DOI: https://doi.org/10.1016/j.ijhydene.2023.03.289,
SEM_265,Mg₅₀Ni₃₀Cu₂₀,,Reactive Mechanical Grinding,3.4,623,20,\cite{Milanese2008} DOI: https://doi.org/10.1016/j.ijhydene.2008.05.053,
SEM_266,ZrV0.96Ni0.04,,Arc-melt + annealing,2,303,50,\cite{Wu2016} DOI: https://doi.org/10.1016/j.ijhydene.2014.10.023,
SEM_267,ZrV₁0.90Ni0.10,,Arc-melt + annealing,1.8,403,50,\cite{Wu2016} DOI: https://doi.org/10.1016/j.ijhydene.2014.10.023 ,
SEM_268,ZrV0.80Ni0.20,,Arc-melt + annealing,1.6,503,50,\cite{Wu2016} DOI: https://doi.org/10.1016/j.ijhydene.2014.10.023 ,
SEM_269,ZrV0.7Ni0.3,,Arc-melt + annealing,1.4,603,50,\cite{Wu2016} DOI: https://doi.org/10.1016/j.ijhydene.2014.10.023 ,
SEM_270,ZrV0.75Ni0.5 ,,Induction melt (as-cast),1.2,803,50,\cite{Shang2018} DOI:  https://doi.org/10.1016/j.ijhydene.2018.08.046 ,
SEM_271,Ti₁.₁REFe₀.₈Mn₀.₂ ,,Solid-state + ball-mill/displacement,1.76,303,3,\cite{Lv2020} DOI: https://doi.org/10.1016/j.cplett.2020.137697    ,
SEM_272,Cr3F(H2O)2O(BDC)3,,hydrothermal synthesis ,9.05,77,70,\cite{JimenezLopez2025} DOI: https://doi.org/10.1039/d4nr03969f ,
SEM_273,MgH₂Ni₂MgY,,Ball milling + catalyst addition,5,623,10, \cite{Pourabdoli2013} DOI: https://doi.org/10.1016/j.ijhydene.2013.06.133    ,
SEM_274,"TiNi₀.₈₇₅Zr₀.₁₂₅, TiNi₀.₇₅Fe₀.₂₅, TiNi₀.₇₅Fe₀.₁₂₅Zr₀.₁₂₅",,Mechanical alloying + annealing,0.51,293,18.5,\cite{Makowiecka2005} DOI: https://doi.org/10.1016/j.jallcom.2004.07.026 ,
SEM_275,h-BN,,Solid-phase + ball milling,7.3,N/A,N/A,\cite{Li2021} DOI:  https://doi.org/10.1021/acsomega.1c03406     ,
SEM_276,Zr₂Co₀.₉Fe₀.₁,,Induction levitation melting + repeated melting + sieving and activation,2.12,298,N/A,\cite{Liu2024} DOI: https://doi.org/10.1016/j.renene.2024.121153 ,
SEM_277,Mg₂NiH₄MWCNTs/TiF₃,,High-energy ball milling,3.6,507,10,\cite{Hou2014} DOI: https://doi.org/10.1016/j.ijhydene.2014.09.170    ,
SEM_278,MgH₂,,"Electrochemical anodization (pp-type wafer), hand ground, then planetary ball milling under Ar",10.7,398,80,\cite{Muduli2025} DOI: https://doi.org/10.1016/j.ijhydene.2024.05.212 ,
SEM_279,Si,,Arc melting,2.62,303,N/A,\cite{Ruz2014} DOI: https://doi.org/10.1016/j.jallcom.2013.09.090  ,
SEM_280,Ti₀.₆₇Nb₀.₁₃Fe₀.₂₀,,Chemical reduction,2.32,773,1,\cite{Sun2024} DOI:  https://doi.org/10.1038/s41467-024-50417-7  ,
SEM_281,Re/Ni ,,Ni balls soaked in aqueous perrhenic acid,3.65,773,1,\cite{Sun2024} DOI: https://doi.org/10.1038/s41467-024-50417-7     ,
SEM_282,Ir/Ni ,,Ni balls soaked in aqueous perrhenic acid,2.43,298,50,\cite{Wu2014} DOI: https://doi.org/10.1016/j.ijhydene.2014.10.023  ,
SEM_283,ZrV₂Ni,,	Arc melting + annealing ,1.76,423,3,\cite{Shang2018} DOI: https://doi.org/10.1016/j.ijhydene.2018.08.046 ,
SEM_284,Ti₁.₁REFe₀.₈Mn₀.₂ ,,Induction melting + casting + homogenizing + annealing,6.67,298,N/A,\cite{Patel2011} DOI: https://doi.org/10.1016/j.cattod.2010.11.077 ,
SEM_285,CoB ,,Pulsed laser deposition (PLD) on carbon films,3.4,623,20,\cite{Milanese2008} DOI: https://doi.org/10.1016/j.ijhydene.2008.05.053     ,
SEM_286,Mg₂NiCu ,,Reactive mechanical grinding,2.75,303,30, \cite{Balcerzak2019} DOI: https://doi.org/10.1007/s11665-019-04266-x ,
SEM_287,TiVNiCo,,Mechanical alloying + 14 hr ball milling + annealing,2.1,273,8,\cite{Komeili2021} DOI: https://doi.org/10.1016/j.ijhydene.2021.03.045  ,
SEM_288,Zr₂Co₀.₅Fe₀.₂Ni₀.₂V₀.₁ ,,"Arc melting, vacuum remelting, annealing",1.64,298,40,\cite{Lee2023} DOI: https://doi.org/10.1016/j.ijhydene.2023.03.289 ,
SEM_289,TiFe₀.₈Mn₀.₂,,Gas atomization + crushing + sieving,1.61,298,40,\cite{Lee2023} DOI: https://doi.org/10.1016/j.ijhydene.2023.03.289      ,
SEM_290,MgH2Ni9Mg2Y,,ball milling MgH2 + 9Nie2MgeY alloy; raw alloy prepared by mechanical alloying + solid-state reaction,5,613,0.1,\cite{Pourabdoli2013} DOI: https://doi.org/10.1016/j.ijhydene.2013.06.133   ,
SEM_291,MgH2Ni,,Hard-template method ,5.4,598,2,\cite{Ding2024} DOI: https://doi.org/10.1016/j.jma.2023.07.002 ,
SEM_292,PtCoNi,,One-pot chemical reduction,4.3,298,N/A,\cite{Sravani2019} DOI: https://doi.org/10.1016/j.ijhydene.2019.02.204   ,
SEM_293,MgH₂Ni9Mg2Y ,,ball milling ,5,663,0.1,\cite{Pourabdoli2013} DOI: https://doi.org/10.1016/j.ijhydene.2013.06.133          ,
SEM_294,MgH₂Ni ,,Hard template,7.93,648,20,\cite{Ding2024} DOI: https://doi.org/10.1016/j.jma.2023.07.002    ,
SEM_295,Pt-CoPt-Ni ,,One-pot green synthesis,0.46,298,N/A,\cite{Sravani2019} DOI: https://doi.org/10.1016/j.ijhydene.2019.02.204 ,
SEM_296,MgNiCu ,,Reactive mechanical grinding,3.4,623,20,\cite{Milanese2008} DOI: https://doi.org/10.1016/j.ijhydene.2008.05.053  ,
SEM_297,TiVNiCo ,,Mechanical alloying (14 h ball milling) + annealing,2.75,303,30,\cite{Balcerzak2019} DOI: https://doi.org/10.1007/s11665-019-04266-x     ,
SEM_298,Zr₂Co₀.₅Fe₀.₂Ni₀.₂V₀.₁ ,,"Arc melting, vacuum remelting, annealing",2.1,700,40,\cite{Komeili2021} DOI: https://doi.org/10.1016/j.ijhydene.2021.03.045  ,
SEM_299,TiFe₀.₈Mn₀.₂ ,,"Gas atomization (for powder), crushing for ingot",1.64,298,N/A,\cite{Lee2023} DOI: https://doi.org/10.1016/j.ijhydene.2023.03.289 ,
SEM_300,Ti-Nb-Fe0.00,,Induction melting + ball milling + chemical treatments,2.62,298,21,\cite{Banerjee2013} DOI: https://doi.org/10.1016/j.jallcom.2013.09.090  ,
SEM_301,Ti-Nb-Fe0.01,,Induction melting + ball milling + chemical treatments,2.5,303,21,\cite{Banerjee2013} DOI: https://doi.org/10.1016/j.jallcom.2013.09.090   ,
SEM_302,Ti-Nb-Fe0.13,,Induction melting + ball milling + chemical treatments,2.45,400,21,\cite{Banerjee2013} DOI: https://doi.org/10.1016/j.jallcom.2013.09.090     ,
SEM_303,Ti-Nb-Fe0.20,,Induction melting + ball milling + chemical treatments,2.4,478,21,\cite{Banerjee2013} DOI: https://doi.org/10.1016/j.jallcom.2013.09.090    ,
SEM_304,Zr₂Co₀.₅Fe₀.₂Ni₀.₂V₀.₁,,"Arc melting, vacuum remelting, annealing",2.1,700,20,\cite{Komeili2021} DOI: https://doi.org/10.1016/j.ijhydene.2021.03.045   ,